Description;Population;Date de début;Date de fin;Académies;Zones;annee_scolaire
Vacances de la Toussaint;-;2015-10-17;2015-11-02;Zone A;Zone A;2015-2016
Vacances de la Toussaint;-;2015-10-17;2015-11-02;Zone B;Zone B;2015-2016
Vacances de la Toussaint;-;2015-10-17;2015-11-02;Zone C;Zone C;2015-2016
Vacances de Noël;-;2015-12-19;2016-01-03;Zone A;Zone A;2015-2016
Vacances de Noël;-;2015-12-19;2016-01-03;Zone B;Zone B;2015-2016
Vacances de Noël;-;2015-12-19;2016-01-03;Zone C;Zone C;2015-2016
Vacances d'Hiver;-;2016-02-13;2016-02-29;Zone A;Zone A;2015-2016
Vacances d'Hiver;-;2016-02-06;2016-02-22;Zone B;Zone B;2015-2016
Vacances d'Hiver;-;2016-02-20;2016-03-06;Zone C;Zone C;2015-2016
Vacances de Printemps;-;2016-04-09;2016-04-25;Zone A;Zone A;2015-2016
Vacances de Printemps;-;2016-04-02;2016-04-18;Zone B;Zone B;2015-2016
Vacances de Printemps;-;2016-04-16;2016-05-01;Zone C;Zone C;2015-2016
Vacances d'Été;-;2016-07-05;2016-08-31;Zone A;Zone A;2015-2016
Vacances d'Été;-;2016-07-05;2016-08-31;Zone B;Zone B;2015-2016
Vacances d'Été;-;2016-07-05;2016-08-31;Zone C;Zone C;2015-2016
Vacances de la Toussaint;-;2016-10-19;2016-11-02;Zone A;Zone A;2016-2017
Vacances de la Toussaint;-;2016-10-19;2016-11-02;Zone B;Zone B;2016-2017
Vacances de la Toussaint;-;2016-10-19;2016-11-02;Zone C;Zone C;2016-2017
Vacances de Noël;-;2016-12-17;2017-01-02;Zone A;Zone A;2016-2017
Vacances de Noël;-;2016-12-17;2017-01-02;Zone B;Zone B;2016-2017
Vacances de Noël;-;2016-12-17;2017-01-02;Zone C;Zone C;2016-2017
Vacances d'Hiver;-;2017-02-18;2017-03-05;Zone A;Zone A;2016-2017
Vacances d'Hiver;-;2017-02-11;2017-02-27;Zone B;Zone B;2016-2017
Vacances d'Hiver;-;2017-02-04;2017-02-20;Zone C;Zone C;2016-2017
Vacances de Printemps;-;2017-04-15;2017-05-01;Zone A;Zone A;2016-2017
Vacances de Printemps;-;2017-04-08;2017-04-23;Zone B;Zone B;2016-2017
Vacances de Printemps;-;2017-04-01;2017-04-17;Zone C;Zone C;2016-2017
Vacances d'Été;-;2017-07-08;2017-08-31;Zone A;Zone A;2016-2017
Vacances d'Été;-;2017-07-08;2017-08-31;Zone B;Zone B;2016-2017
Vacances d'Été;-;2017-07-08;2017-08-31;Zone C;Zone C;2016-2017
